Face Detection and Model Embedding,Average Precision
,0.13971791009000076
,0.13971791009000076
,0.13971791009000076
,0.13971791009000076
,0.13971791009000076
,0.13971791009000076
,0.13971791009000076
,0.13971791009000076
,0.13971791009000076
,0.13971791009000076
,0.13971791009000076
,0.13971791009000076
